石头ID,长度x,长度y,长度z,长度max,点数,体积
0,0.1069636344909668,0.16638946533203125,0.1480865478515625,0.22977706511027485,82,0.012170720543312955
1,0.026973247528076172,0.162078857421875,0.08759307861328125,0.16413373010255583,46,0.0016074693732705853
2,0.023181438446044922,0.07924652099609375,0.07353973388671875,0.0853678284377164,20,0.004183620527094387
3,0.09263801574707031,0.23993682861328125,0.1877899169921875,0.2745543059064346,136,0.007815987824569461
4,0.036104679107666016,0.07920074462890625,0.08477020263671875,0.11156709011469168,25,0.0018562758597496266
5,0.047373294830322266,0.11058807373046875,0.08664703369140625,0.14457524994491955,32,0.0049935192734982805
6,0.04551410675048828,0.1136627197265625,0.12990570068359375,0.14362341472514117,37,0.001429636588311706
7,0.061371803283691406,0.2071990966796875,0.22226715087890625,0.3333008489315734,115,0.014151476062387402
8,0.055977821350097656,0.06958770751953125,0.0670928955078125,0.10070441887857129,22,0.00047842687155625783
9,0.10641908645629883,0.195709228515625,0.285308837890625,0.2973745714267597,158,0.0434535540447088
10,0.021867752075195312,0.04959869384765625,0.081878662109375,0.09189604047356248,20,0.0016585738985816962
11,0.02878713607788086,0.051300048828125,0.09828948974609375,0.1098683144917505,24,0.00272205259713015
12,0.15619707107543945,0.6881637573242188,0.36383056640625,0.7429752201889119,501,0.19717391016990476
13,0.04488182067871094,0.10414886474609375,0.07861328125,0.1290920232042989,36,0.006970397874844757
14,0.4003920555114746,1.0584335327148438,0.8034896850585938,1.2671357177647837,1849,0.022587902149889687
15,0.04406595230102539,0.09889984130859375,0.130218505859375,0.15806438740514128,41,0.006760557432127795
16,0.0330657958984375,0.07151031494140625,0.08600616455078125,0.11824837520371823,24,0.00769801194160666
17,0.04977226257324219,0.07178497314453125,0.05521392822265625,0.08541044492375782,21,0.0018919202102544916
18,0.07863521575927734,0.131072998046875,0.2335052490234375,0.26722940028586883,109,0.003259607787884063
19,0.030460357666015625,0.04941558837890625,0.08196258544921875,0.09497861803422314,20,0.004042705833911791
20,0.04408979415893555,0.13948822021484375,0.0840301513671875,0.15736605927013092,40,0.010411866527560758
21,0.036875247955322266,0.08716583251953125,0.07634735107421875,0.10289790129255483,29,0.006984969794011539
22,0.08771705627441406,0.1512298583984375,0.1331329345703125,0.22130093149267704,67,0.0017641847907951384
23,0.09491109848022461,0.3411102294921875,0.269378662109375,0.3714630203161047,212,0.07310514301606925
24,0.07328987121582031,0.235809326171875,0.27197265625,0.3464739768305458,128,0.014115055113794392
25,0.07084894180297852,0.089141845703125,0.1085052490234375,0.11506904027577214,43,0.0026794350792828593
26,0.031177997589111328,0.04442596435546875,0.07730865478515625,0.0929698156432508,15,0.0002672069481989884
27,0.12697458267211914,0.3125,0.16103363037109375,0.35918010088015695,164,0.02893515031900387
28,0.03790616989135742,0.03192138671875,0.08050537109375,0.08968084920677555,19,0.002355742465852582
29,0.031668663024902344,0.05121612548828125,0.08368682861328125,0.09068127699536532,20,0.0018725119285347553
30,0.08581256866455078,0.200927734375,0.24840545654296875,0.3301745750522249,113,0.03509571838485388
31,0.055880069732666016,0.13573455810546875,0.0766448974609375,0.14217613988641187,41,0.0046746098993045975
32,0.028114795684814453,0.1258544921875,0.07485198974609375,0.12678096120008542,41,0.00880921308322421
33,0.04644012451171875,0.1044921875,0.08606719970703125,0.13363829365143665,29,7.145007818066596e-05
34,0.07639408111572266,0.23096466064453125,0.25249481201171875,0.3659781904620729,158,0.010330951205277127
35,0.029639244079589844,0.098480224609375,0.087310791015625,0.1028231607892316,25,0.003770158906739954
36,0.03304624557495117,0.0785980224609375,0.0850830078125,0.09182469099703106,21,0.0003204979521474145
37,0.12328577041625977,0.22225189208984375,0.2441558837890625,0.34501019500089214,161,0.008819442947237984
38,0.040488243103027344,0.0504302978515625,0.06778717041015625,0.08571312201407189,20,0.0003712103784888419
39,0.051827430725097656,0.204376220703125,0.15350341796875,0.23944038289650926,91,0.01564128537015178
40,0.0771331787109375,0.1409454345703125,0.08526611328125,0.15767238017981877,45,0.003051675787564658
41,0.15445756912231445,0.259796142578125,0.35454559326171875,0.4767981239263124,250,0.0017770046182954847
42,0.10078811645507812,0.27169036865234375,0.20258331298828125,0.3286793224805531,186,0.00131340274646776
43,0.0389251708984375,0.1011199951171875,0.08072662353515625,0.12484310016990818,26,0.0022563824894577156
44,0.0864410400390625,0.07405853271484375,0.1356353759765625,0.1601697909690678,45,0.004496117693887917
45,0.04669475555419922,0.09102630615234375,0.1084136962890625,0.12421306987776948,35,0.0018014182149687545
46,0.08738374710083008,0.10178375244140625,0.17627716064453125,0.21538862709729223,86,0.008035276468989102
47,0.02525806427001953,0.05341339111328125,0.06948089599609375,0.08919943401855335,18,0.001372931523380497
48,0.07743310928344727,0.07170867919921875,0.16118621826171875,0.179002899556143,43,0.009096892029915737
49,0.041262149810791016,0.0828704833984375,0.083465576171875,0.10772185561340919,23,0.0034004292912566975
50,0.04786396026611328,0.06687164306640625,0.1099853515625,0.11983501826522946,31,0.0012221346929243342
51,0.051753997802734375,0.03166961669921875,0.1158905029296875,0.12764149989046292,30,0.0023102192864432147
52,0.035434722900390625,0.05875396728515625,0.09326171875,0.10916163124718103,26,0.0074357888093566065
53,0.028281688690185547,0.02417755126953125,0.10103607177734375,0.10708405478573546,30,0.0003113295966328641
54,0.04364204406738281,0.02762603759765625,0.11475372314453125,0.12197332085104584,31,0.0006694393568026566
55,0.05696725845336914,0.03679656982421875,0.11869049072265625,0.12209026249302646,32,0.00030892691224306787
56,0.05534791946411133,0.0282135009765625,0.08400726318359375,0.09046498209738463,23,9.340319820164532e-05
57,0.0381159782409668,0.01497650146484375,0.07357025146484375,0.08448673560783249,21,0.00010127707372758475
58,0.048783302307128906,0.02973175048828125,0.11110687255859375,0.11765742905980314,29,0.0009605797793921448
59,0.05883359909057617,0.02396392822265625,0.07413482666015625,0.09096551139140185,23,0.0011561378939938909
60,0.043947696685791016,0.138763427734375,0.10814666748046875,0.17308958259652796,49,0.007392207865273223
61,0.04507589340209961,0.0515594482421875,0.14569854736328125,0.16058352117260277,40,0.00395217710498563
62,0.06204414367675781,0.03136444091796875,0.05297088623046875,0.08264754666710061,21,0.0006031761900747646
63,0.04184389114379883,0.0255126953125,0.09032440185546875,0.09556804953585907,24,0.0011346874460425626
64,0.042218685150146484,0.02324676513671875,0.1070404052734375,0.11431585924317655,25,0.0022490790159072514
65,0.08866214752197266,0.27527618408203125,0.21514129638671875,0.31995556428036986,127,0.00440995671651315
66,0.4549560546875,0.397216796875,0.420745849609375,0.5981174117089689,513,0.04071370064818994
67,0.04765796661376953,0.1038055419921875,0.09471893310546875,0.14427330864218524,42,0.0010794198928425697
68,0.09109878540039062,0.24832916259765625,0.15969085693359375,0.29676118327325113,82,0.0031599031715321235
69,0.07702493667602539,0.114776611328125,0.15290069580078125,0.19141822152498023,60,0.005385390747431707
70,0.043663978576660156,0.08541107177734375,0.05185699462890625,0.10144918472939723,24,4.6595790379160636e-05
71,0.03297996520996094,0.07555389404296875,0.06040191650390625,0.08653671214731329,18,0.0010043623163100766
72,0.19586515426635742,0.3956756591796875,0.1663360595703125,0.46153754689146137,179,0.03267074281813359
73,0.03473615646362305,0.13422393798828125,0.12480926513671875,0.1710210183419285,65,0.0030583771217578774
74,0.06019878387451172,0.19788360595703125,0.0839080810546875,0.20187112760370862,60,0.009989763514861371
75,0.06619119644165039,0.0715484619140625,0.12097930908203125,0.14446259581404153,42,0.0012283929235253049
76,0.18366289138793945,0.49114227294921875,0.4647216796875,0.5860546132629074,261,0.027499620833359245
77,0.06233692169189453,0.10854339599609375,0.09938812255859375,0.15154760899507558,43,0.002478413147130304
78,0.16012334823608398,0.10402679443359375,0.11122894287109375,0.18676663530458004,68,0.0006614301276163716
79,0.05253028869628906,0.1716156005859375,0.09832000732421875,0.1981954432291021,54,0.006437361912357427
80,0.057990074157714844,0.17993927001953125,0.08611297607421875,0.2065135842615664,55,0.00019244626949057198
81,0.028744220733642578,0.0889739990234375,0.06870269775390625,0.11293452850274122,26,0.002078281091590476
82,0.03272438049316406,0.10980224609375,0.0628204345703125,0.11696102486588389,30,0.00013035032961306812
83,0.4209270477294922,0.708343505859375,0.53265380859375,0.8308693966865404,1268,0.07922178964761112
84,0.04529905319213867,0.09136962890625,0.069732666015625,0.1084406200201582,28,8.517516135902233e-05
85,0.052256107330322266,0.117828369140625,0.08154296875,0.1352837308939474,38,0.004032202931637698
86,0.06127738952636719,0.112274169921875,0.108917236328125,0.15875327746377543,48,0.004659410442785405
87,0.04793405532836914,0.11269378662109375,0.12189483642578125,0.15990427069207236,47,0.0010425816759117314
88,0.14084815979003906,0.14257049560546875,0.2217864990234375,0.2542689868554957,147,0.007405962889463755
89,0.04278993606567383,0.0327911376953125,0.06778717041015625,0.07167609231013827,20,0.0011489712326440238
90,0.03459501266479492,0.07834625244140625,0.0841522216796875,0.10439603623785487,25,0.0014498146965877495
91,0.06630706787109375,0.11678314208984375,0.14252471923828125,0.2046845908343462,63,0.005831991946415483
92,0.39716219902038574,0.8859405517578125,0.5620346069335938,0.924871691525249,1453,0.2606361127480157
93,0.3572268486022949,0.8991012573242188,0.41603851318359375,0.9747889598892261,1351,0.19432338884926786
94,0.039598941802978516,0.11537933349609375,0.124114990234375,0.16977982707254125,44,0.017184889354200254
95,0.07764482498168945,0.30364990234375,0.2745819091796875,0.39106585849451436,136,0.006367189855085385
96,0.046189308166503906,0.1407928466796875,0.0855712890625,0.15509869933124332,40,0.001752856819596495
97,0.05351734161376953,0.1094512939453125,0.1656646728515625,0.18500895800793415,78,0.008061944911058718
98,0.03530263900756836,0.0838470458984375,0.1026763916015625,0.11914490095961039,32,0.0017355813090415655
99,0.0890350341796875,0.0904541015625,0.11412811279296875,0.14143705626687364,40,0.0036438016358554676
100,0.057102203369140625,0.1063995361328125,0.13948822021484375,0.17764099369197428,45,0.0014876573896313522
101,0.11985015869140625,0.22303009033203125,0.358734130859375,0.42244128828220795,168,0.023131928986599277
102,0.03572988510131836,0.07950592041015625,0.05721282958984375,0.08732146379673011,20,0.0008183342265678157
103,0.052356719970703125,0.07193756103515625,0.0518035888671875,0.10259736679442458,20,0.00019313711587159513
104,0.03877687454223633,0.07411956787109375,0.080322265625,0.1028915114096014,23,0.0019921228597608257
105,0.03759193420410156,0.09807586669921875,0.06711578369140625,0.11352772462447946,35,0.003449385607463622
106,0.1083681583404541,0.1529693603515625,0.1669921875,0.24769934803790594,74,0.032111856273502326
107,0.09508895874023438,0.2298736572265625,0.102752685546875,0.25344387212099345,80,0.0024515533357886347
108,0.06037616729736328,0.121856689453125,0.11954498291015625,0.16327320739183993,49,0.002911775785279136
109,0.041886091232299805,0.02050018310546875,0.046966552734375,0.05489546842950421,6,6.381863796516932e-05
110,0.10224008560180664,0.247314453125,0.1909332275390625,0.30987523022760666,121,0.007457020144587301
111,0.04600095748901367,0.07268524169921875,0.053863525390625,0.08098498593851122,20,0.0013540132576829247
112,0.03737974166870117,0.0865936279296875,0.10478973388671875,0.1417483803589672,35,0.0002482728254176703
113,0.0431208610534668,0.07884979248046875,0.066375732421875,0.08944524800299009,22,0.00038509389733525084
114,0.025435924530029297,0.0699310302734375,0.0877685546875,0.11495924038618188,24,0.0028377931110535872
115,0.0263671875,0.03050994873046875,0.05777740478515625,0.06159139029360183,16,0.00012938305924766152
116,0.23853302001953125,0.7899932861328125,0.4566802978515625,0.8938226885421825,643,0.14032942933556017
117,0.03368115425109863,0.05213165283203125,0.0777130126953125,0.09144197988992797,19,5.675063087883054e-05
118,0.07207894325256348,0.14620208740234375,0.15526580810546875,0.19199942397923753,75,0.001521320815139787
119,0.0351870059967041,0.04978179931640625,0.066802978515625,0.07305827948675248,20,0.0005709025447989413
120,0.04412126541137695,0.062957763671875,0.08119964599609375,0.09842445979743175,25,0.0017139630843558615
121,0.024999141693115234,0.037628173828125,0.08193206787109375,0.08876842914751215,20,0.0018594053670017397
122,0.055696964263916016,0.09746551513671875,0.1054840087890625,0.14942967096003823,45,0.0002570214471005678
123,0.09054303169250488,0.12369537353515625,0.116851806640625,0.1746594041423366,51,0.011654952296438896
124,0.1367659568786621,0.17935943603515625,0.150970458984375,0.2561234149451135,88,0.023877410513537103
125,0.045694828033447266,0.11737060546875,0.1116180419921875,0.14484039398569326,46,0.0028210840647951816
126,0.10256290435791016,0.1743927001953125,0.15308380126953125,0.22551528055066505,84,0.00952697599638627
127,0.11454010009765625,0.23686981201171875,0.2410125732421875,0.3128371742843541,112,0.005598749075898657
128,0.062438011169433594,0.035125732421875,0.08184814453125,0.09552117409976635,20,0.0009226654081283525
129,0.03415822982788086,0.06920623779296875,0.05950927734375,0.08599957470479946,14,0.0024980722036537202
130,0.07655882835388184,0.10359954833984375,0.1380157470703125,0.18592958062344778,47,0.0015125110349393268
131,0.11037015914916992,0.12945556640625,0.12580108642578125,0.1930175995438752,59,0.0007522601915346237
132,0.3045158386230469,0.818878173828125,0.6563339233398438,0.9229287431074709,1154,0.09381488476553812
133,0.13807201385498047,0.16193389892578125,0.18255615234375,0.2520696871702208,117,0.008570743738095377
134,0.1515347957611084,0.32330322265625,0.24442291259765625,0.373833742070917,310,0.0220082839963319
135,0.047447919845581055,0.0774078369140625,0.157745361328125,0.17759285279707915,54,0.005953870161726622
136,0.09737586975097656,0.69708251953125,0.27838134765625,0.7194257949971704,534,0.07567420343450906
137,0.08990192413330078,0.12158203125,0.165008544921875,0.20726433874581573,65,0.0005272410062605393
138,0.09610104560852051,0.17186737060546875,0.145721435546875,0.21228368591459867,94,0.004278015906373312
139,0.07167506217956543,0.1070098876953125,0.0743408203125,0.1500038812782707,40,0.0006749744166168656
140,0.0406801700592041,0.07525634765625,0.03739166259765625,0.07766030415752212,15,0.00016653753953402878
141,0.04357099533081055,0.07553863525390625,0.0892791748046875,0.11632536268064797,29,0.0018493592209091333
142,0.05158281326293945,0.075897216796875,0.0662384033203125,0.11265441029129897,27,0.0005680176187197423
143,0.11755800247192383,0.31691741943359375,0.207855224609375,0.3754343361889858,229,0.016048044683909028
144,0.06307792663574219,0.20119476318359375,0.1409912109375,0.2528075529967957,88,0.00047730618475047885
145,0.06038498878479004,0.1745147705078125,0.12109375,0.20824176819822848,79,0.005900791314852239
146,0.07747197151184082,0.25130462646484375,0.1224365234375,0.26416261363053767,122,0.01316279842594786
147,0.05097389221191406,0.06220245361328125,0.070709228515625,0.09752992059870724,22,2.8289503625654716e-05
148,0.14561009407043457,0.15682220458984375,0.2213592529296875,0.27591721579784956,141,0.010651578805567163
149,0.1171109676361084,0.157867431640625,0.1644439697265625,0.19991405170904808,104,0.010901060228872916
150,0.08927488327026367,0.11081695556640625,0.148529052734375,0.20714505814994766,66,0.0029808562338931163
151,0.028711795806884766,0.07733917236328125,0.0838165283203125,0.11905321599648566,34,0.0006389967222695072
152,0.0453181266784668,0.0654296875,0.05991363525390625,0.09050323639499425,20,0.0003818825796105248
153,0.06376791000366211,0.13516998291015625,0.13744354248046875,0.2032564357304405,57,0.005816557532370978
154,0.1129770278930664,0.29003143310546875,0.16357421875,0.30697912534069494,152,0.001946330947425927
155,0.12544608116149902,0.1114654541015625,0.1751251220703125,0.21010879800626814,71,0.0002825784552977304
156,0.07278084754943848,0.16278076171875,0.14763641357421875,0.21890166711017967,74,0.005825583112805182
157,0.05205106735229492,0.12451171875,0.123809814453125,0.1640714240702752,64,0.006063947621384339
158,0.12111282348632812,0.17771148681640625,0.166412353515625,0.2474658502421721,84,0.008059815708183099
159,0.039122819900512695,0.0695648193359375,0.06827545166015625,0.0882664862866489,20,0.0004317029364957073
160,0.07881999015808105,0.11360931396484375,0.09346771240234375,0.15315374192107667,42,0.0016026627855183358
161,0.09001994132995605,0.156219482421875,0.10372161865234375,0.19820874943872901,57,0.005239007353846592
162,0.1319890022277832,0.236907958984375,0.248931884765625,0.334788449924206,150,0.011482008695354415
163,0.039804935455322266,0.04766082763671875,0.08583831787109375,0.09522032271514203,24,3.564200109586576e-05
164,0.08459997177124023,0.09389495849609375,0.146514892578125,0.15566505629555483,62,0.001929125772109996
165,0.04291796684265137,0.0932159423828125,0.0755157470703125,0.12125185824324802,26,0.0010053519609585784
166,0.14952611923217773,0.208709716796875,0.165802001953125,0.2750933957357277,90,0.0062913969255648785
167,0.01836395263671875,0.08744049072265625,0.03908538818359375,0.09286813296283869,22,0.0026265134816719814
168,0.04920005798339844,0.07659149169921875,0.0556488037109375,0.09374010600421201,24,0.0016175069876993762
169,0.09772801399230957,0.0863800048828125,0.10233306884765625,0.15049242203543978,46,0.0010364394215510832
170,0.12471699714660645,0.533111572265625,0.13233184814453125,0.5452737173339584,237,0.021593691683965802
171,0.029129981994628906,0.14939117431640625,0.11095428466796875,0.17202692916914497,55,0.0033572425641011953
172,0.1316969394683838,0.1581573486328125,0.10697174072265625,0.20926740783313313,64,0.004001008678388922
173,0.06657600402832031,0.20473480224609375,0.0998077392578125,0.2181256011800186,79,0.00674465435378532
174,0.15718698501586914,0.2231903076171875,0.1510467529296875,0.2870563003965019,146,0.0065571101455928656
175,0.3533508777618408,0.6275634765625,0.5171051025390625,0.8913893327598255,962,0.1498390330686899
176,0.03389906883239746,0.08289337158203125,0.03850555419921875,0.08328310941867656,13,0.00013511011035221158
177,0.07679891586303711,0.2121124267578125,0.1433868408203125,0.23931636035280113,134,0.015850347968646254
178,0.041036128997802734,0.10113525390625,0.07015228271484375,0.11941311971554347,30,0.000825541870511661
179,0.27921199798583984,0.6084671020507812,0.33892822265625,0.7133995395053354,694,0.033800618919972464
180,0.028167009353637695,0.05301666259765625,0.06993865966796875,0.08300421704703398,18,0.00012695072471482073
181,0.1095120906829834,0.168243408203125,0.1286773681640625,0.2295319387478289,88,0.003695447670303561
182,0.14483308792114258,0.5872344970703125,0.16266632080078125,0.5941461052781332,302,0.02502226905103437
183,0.06427717208862305,0.07868194580078125,0.05194854736328125,0.10971845977021699,23,0.0009094811906625869
184,0.030977249145507812,0.07468414306640625,0.07208251953125,0.09718445953358357,22,1.7445417416815315e-05
185,0.16180706024169922,0.17568206787109375,0.1682586669921875,0.24623222802634537,97,0.014854675382682874
186,0.03305315971374512,0.0716094970703125,0.09014129638671875,0.11339547523761917,35,0.002144038942060407
187,0.13463211059570312,0.140167236328125,0.197967529296875,0.22226582785961124,112,0.00754857173113209
188,0.09695291519165039,0.18616485595703125,0.12914276123046875,0.22569437228304423,80,0.0012529382201044831
189,0.21338200569152832,0.31391143798828125,0.26935577392578125,0.3867789523759021,325,0.027908942944183772
190,0.08216714859008789,0.10956573486328125,0.078338623046875,0.15009690099100226,47,0.0011085127100434909
191,0.08446788787841797,0.11518096923828125,0.13613128662109375,0.18731451826447554,69,0.004704286589784952
192,0.05677294731140137,0.11469268798828125,0.08690643310546875,0.14586717167842123,59,0.0029582997850384485
193,0.4753870964050293,0.9207534790039062,0.6971206665039062,1.1574160656987516,1777,0.08569154682736503
194,0.19188714027404785,0.31349945068359375,0.45090484619140625,0.5470727933937831,274,0.06072675793516417
195,0.03740191459655762,0.069671630859375,0.06221771240234375,0.0913691881218163,24,0.00031341320416934323
196,0.1243751049041748,0.1749725341796875,0.09688568115234375,0.2112413459496434,68,0.003670517043946814
197,0.0463099479675293,0.1203765869140625,0.08563995361328125,0.14654174816377863,45,0.0016615251169256977
198,0.05023193359375,0.08901214599609375,0.06835174560546875,0.1186242584141608,26,0.001235880120409721
199,0.10398697853088379,0.17427825927734375,0.11525726318359375,0.18393789697773588,77,0.0007526565945236772
200,0.10898590087890625,0.1536102294921875,0.116607666015625,0.1734812673580457,69,0.0017685185787059202
201,0.04999184608459473,0.1366729736328125,0.063934326171875,0.14805486578738813,40,0.0014470640700970832
202,0.06975007057189941,0.0657196044921875,0.06073760986328125,0.0989155224433711,21,0.00019192873381036226
203,0.17722010612487793,0.22809600830078125,0.1172637939453125,0.29689865405866733,106,0.0014468062905230571
204,0.13808393478393555,0.203094482421875,0.22841644287109375,0.2924141953962742,192,0.0074220927500498355
205,0.10635089874267578,0.17278289794921875,0.16857147216796875,0.22747207680422687,124,0.0005168677136393842
206,0.33716487884521484,0.9320907592773438,0.3567962646484375,0.9569558306026882,1068,0.0600803615740244
207,0.03002309799194336,0.06976318359375,0.11060333251953125,0.14663409506788305,29,0.003082812440757647
208,0.1436939239501953,0.16373443603515625,0.16670989990234375,0.25842344154078045,142,0.011961013963643963
209,0.08456897735595703,0.09331512451171875,0.07979583740234375,0.15410692589637343,38,0.0007386855955436739
210,0.0702970027923584,0.101593017578125,0.0598297119140625,0.11443288004040575,31,0.001044969682625257
211,0.04193305969238281,0.11147308349609375,0.1089324951171875,0.13053310859656841,52,0.0028841884453459457
212,0.05804705619812012,0.03636932373046875,0.07201385498046875,0.09091208934472395,21,0.0011350586042846369
213,0.3089170455932617,0.2997589111328125,0.40240478515625,0.5501507314656102,533,0.08781480576682574
214,0.0396270751953125,0.05342864990234375,0.069610595703125,0.10030877487912537,24,0.00047966126927726904
215,0.16728806495666504,0.3476104736328125,0.21752166748046875,0.3840831444849231,404,0.028657508954364266
216,0.2582430839538574,0.6949462890625,0.40570068359375,0.7958305796759602,712,0.025979131991843415
217,0.08257603645324707,0.13364410400390625,0.06281280517578125,0.16475548243887062,36,4.286653391782458e-06
218,0.12108421325683594,0.10102081298828125,0.08182525634765625,0.15109745740080438,47,0.0007619186618369063
219,0.09046483039855957,0.1844329833984375,0.11273193359375,0.20004552336699816,92,0.0019487984345552289
220,0.0819849967956543,0.12638092041015625,0.13069915771484375,0.18462673002419283,58,0.001847732072138201
221,0.037793874740600586,0.0416107177734375,0.0328369140625,0.06283735377129318,7,0.0005465475475530597
222,0.0740199089050293,0.11527252197265625,0.06243896484375,0.12973472537024733,39,0.0007449843616886041
223,0.05501604080200195,0.063079833984375,0.06948089599609375,0.08934106479830772,20,0.00023545459146482152
224,0.19170713424682617,0.23337554931640625,0.19476318359375,0.3417742693035615,169,0.0026298329658407628
225,0.09981298446655273,0.1156005859375,0.0912017822265625,0.1597054951595943,52,0.0025435661270975566
226,0.06403779983520508,0.18277740478515625,0.1506805419921875,0.2355794358296377,64,0.016204543411548568
227,0.034354209899902344,0.07820892333984375,0.07358551025390625,0.10049667773207638,27,0.0014700175081922816
228,0.08431601524353027,0.10746002197265625,0.11205291748046875,0.14409507847408554,60,0.00013126169242256316
229,0.0660395622253418,0.12403106689453125,0.09937286376953125,0.1449572833338526,53,0.0028584554448214125
230,0.03656482696533203,0.0576019287109375,0.06793212890625,0.08750233417829278,14,0.0017167763998406078
231,0.09125685691833496,0.07711029052734375,0.0902862548828125,0.12697618562717494,49,0.002772900674945954
232,0.10988998413085938,0.2291412353515625,0.12380218505859375,0.27034028351914685,115,0.0036321233052577433
233,0.04913330078125,0.1376190185546875,0.13105010986328125,0.1916588920150648,57,0.009772802322016702
234,0.03274202346801758,0.058349609375,0.0721588134765625,0.09009825750341083,21,0.0014426500559349645
235,0.055953025817871094,0.108123779296875,0.09749603271484375,0.14928125416380267,55,0.0008759502942712539
236,0.10161995887756348,0.14212799072265625,0.116180419921875,0.19907068290717644,76,0.0044889824981040535
237,0.13332390785217285,0.11071014404296875,0.10772705078125,0.18855008851181404,57,0.002272713141152803
238,0.036459922790527344,0.0714874267578125,0.0727691650390625,0.10426868192921868,25,0.0010426654075297347
239,0.10926008224487305,0.18851470947265625,0.13079071044921875,0.26636575054798556,122,0.0027041788399203128
240,0.11186003684997559,0.178192138671875,0.149932861328125,0.22879606599490643,123,0.009722046438844834
241,0.0649268627166748,0.0476226806640625,0.04802703857421875,0.07110946653086891,15,0.0002577281491707526
242,0.06278300285339355,0.18766021728515625,0.06584930419921875,0.2053978346944575,61,0.0024147631509295006
243,0.08562994003295898,0.108001708984375,0.1705169677734375,0.21324396796765077,82,0.00022709692622625366
244,0.11626291275024414,0.21224212646484375,0.1241302490234375,0.278788458111062,102,0.002608410638360327
245,0.08706378936767578,0.11190032958984375,0.14722442626953125,0.20330573526245033,80,0.004130265018418633
246,0.06520366668701172,0.10394287109375,0.08205413818359375,0.15008463433911512,32,0.003630472306851806
247,0.07718300819396973,0.118255615234375,0.07177734375,0.13873980399367802,39,0.00012872199637086644
248,0.1371779441833496,0.1453094482421875,0.0809478759765625,0.20008629527867494,62,0.0004893873487567288
249,0.05881190299987793,0.1181640625,0.05059814453125,0.1275054652641754,36,0.00012019140097858766
250,0.6910169124603271,1.3798675537109375,0.6647796630859375,1.4334134555531217,2644,0.3048565890670036
251,0.07761669158935547,0.29517364501953125,0.168182373046875,0.3480137291667331,128,0.00036192429097337876
252,0.1304769515991211,0.10306549072265625,0.1531829833984375,0.17447424671549827,66,0.0018067937826165318
253,0.06363701820373535,0.11304473876953125,0.103759765625,0.14933345113882757,40,0.00012553690468135304
254,0.05896615982055664,0.076934814453125,0.090850830078125,0.11402743538889037,32,0.0006736873550214502
255,0.10084295272827148,0.07024383544921875,0.103515625,0.1442566872787534,48,0.0009674980511411044
256,0.3056299686431885,0.649749755859375,0.40798187255859375,0.7597478477018296,705,0.0012257918402037707
257,0.0720369815826416,0.1239013671875,0.05696868896484375,0.14497035319231477,40,0.002320734367552901
258,0.07884001731872559,0.08658599853515625,0.0889892578125,0.12783077702239742,36,0.001828120307779076
259,0.10474109649658203,0.21868896484375,0.14516448974609375,0.2624392864863805,153,0.0054194869961100905
260,0.05978584289550781,0.1847991943359375,0.1722869873046875,0.2438509602312271,92,0.007264356645650703
261,0.08162903785705566,0.21532440185546875,0.13060760498046875,0.24675569942842657,88,0.006374073209757991
262,0.05574679374694824,0.145721435546875,0.0983734130859375,0.16905625048592654,56,0.00279689269626625
263,0.10602593421936035,0.24063873291015625,0.1397705078125,0.2693794792083226,117,0.0021855962392105886
264,0.1678149700164795,0.23183441162109375,0.114288330078125,0.29454339059300505,145,0.007467711015330978
265,0.05044889450073242,0.0920257568359375,0.10181427001953125,0.14386621370934005,42,0.0015001105386750677
266,0.03417611122131348,0.028656005859375,0.0702972412109375,0.07825021357161477,21,0.0008108199963430548
267,0.09461688995361328,0.0807647705078125,0.07049560546875,0.1383207222806746,36,0.0010060006426920443
268,0.3125760555267334,0.4854736328125,0.4131317138671875,0.5749194106335569,890,0.016071210861365284
269,0.2196871042251587,0.23239898681640625,0.239227294921875,0.36529634103046504,189,0.005960447638101312
270,0.0611729621887207,0.098297119140625,0.06604766845703125,0.12125471797835097,37,0.001579209773503278
271,0.08100318908691406,0.1457977294921875,0.1159515380859375,0.17277242192348563,68,0.0019416194591360299
272,0.09506893157958984,0.24408721923828125,0.15940093994140625,0.29800530962035854,131,0.004876927310555212
273,0.10032510757446289,0.10602569580078125,0.09384918212890625,0.15788174056864657,53,0.0029551535669807023
274,1.1996049284934998,2.1378707885742188,1.08624267578125,2.2698323133808502,7264,0.3527181631940651
275,0.20691895484924316,0.1189422607421875,0.1837158203125,0.2672146885599842,95,0.0027424315622039093
276,0.08205103874206543,0.10506439208984375,0.14305877685546875,0.18007837844426933,62,0.0031551380422579255
277,0.03299307823181152,0.06862640380859375,0.04599761962890625,0.07868088153093167,23,0.0012515277415249273
278,0.061164140701293945,0.1188201904296875,0.10135650634765625,0.15409120636106022,55,0.001238087831768199
279,0.400265097618103,0.47510528564453125,0.5641555786132812,0.6103178542848166,1012,0.019720988176035126
280,0.036225080490112305,0.06269073486328125,0.06301116943359375,0.08509762871747606,21,0.0004245757002324217
281,0.03928208351135254,0.0909271240234375,0.06845855712890625,0.12130653694197092,37,0.0006314638803996359
282,0.04978322982788086,0.060760498046875,0.0508880615234375,0.07942928702352581,23,0.0005998437552756574
283,0.05181002616882324,0.048309326171875,0.0646514892578125,0.0928740229501912,23,0.0013799041707135095
284,0.06209301948547363,0.0720062255859375,0.0692901611328125,0.10448782975065551,41,0.0002989792280181226
285,0.05720400810241699,0.03855133056640625,0.06609344482421875,0.08079980232187678,21,0.001461929867048254
286,0.0525059700012207,0.07593536376953125,0.08679962158203125,0.12682908160344153,41,0.0016153368142243876
287,0.17199397087097168,0.25682830810546875,0.2400054931640625,0.3769530272592735,278,0.01211203348593831
288,0.9777039289474487,2.7757034301757812,1.1229095458984375,2.8408712632542032,9659,0.6424286645174939
289,0.1148228645324707,0.178619384765625,0.11775970458984375,0.2130847890341494,125,0.0022868263350097192
290,0.09640884399414062,0.15656280517578125,0.10735321044921875,0.18890146829013243,76,0.0010670695204884689
291,0.10950303077697754,0.2264862060546875,0.0760040283203125,0.25936965648480115,93,0.004159666622007092
292,0.11146688461303711,0.1664886474609375,0.12530517578125,0.20189910033113678,92,0.0017703601720543986
293,0.23423004150390625,0.18795013427734375,0.2356109619140625,0.3554402924372736,173,0.03462221991541639
294,0.0549769401550293,0.0948638916015625,0.05072784423828125,0.11632428309834664,30,0.0003457863067813972
295,0.055013179779052734,0.06780242919921875,0.0729217529296875,0.09905734539214084,22,3.2053006404952076e-05
296,0.08046412467956543,0.1751251220703125,0.165252685546875,0.2453379556960592,85,0.0001863421555065653
297,0.035781145095825195,0.0793609619140625,0.06284332275390625,0.10793472143257077,29,0.0011684638077520408
298,0.20995807647705078,0.32897186279296875,0.42620086669921875,0.5235532504724767,789,0.012870953068737536
299,0.03960299491882324,0.1153564453125,0.04901123046875,0.12020752602656959,30,0.0015453715399809406
300,0.15487241744995117,0.3255767822265625,0.27911376953125,0.4404791298936144,242,0.009460976504278816
301,0.05548596382141113,0.07312774658203125,0.0691375732421875,0.11116997365448533,34,0.000698274206864009
302,0.03522610664367676,0.05068206787109375,0.04674530029296875,0.07057963839403802,22,0.0002877695649161472
303,0.07570791244506836,0.08892822265625,0.06581878662109375,0.1386897464478749,30,1.3701144060740303e-05
304,0.08662605285644531,0.12294769287109375,0.1570587158203125,0.21528970470033704,78,0.00038892495742753343
305,0.05513501167297363,0.06096649169921875,0.0945281982421875,0.09999600505177297,30,0.000556255916362052
306,0.0849599838256836,0.385284423828125,0.128173828125,0.414212741663324,176,0.004835425929885434
307,0.10104107856750488,0.2443695068359375,0.09575653076171875,0.2692176787362057,115,0.005838716353058332
308,0.07023787498474121,0.081939697265625,0.0819854736328125,0.12788359708467545,37,0.00012255679904998775
309,0.15319502353668213,0.35192108154296875,0.22705078125,0.43957313393235964,313,0.01236510120363741
310,0.05237698554992676,0.1620025634765625,0.08890533447265625,0.1709446671799677,64,0.004277646277803477
311,0.09184694290161133,0.12335968017578125,0.09637451171875,0.14600230979803364,54,0.002344788159068689
312,0.04767203330993652,0.06620025634765625,0.05263519287109375,0.09294168019270188,19,0.00016838941474598543
313,0.09059500694274902,0.24915313720703125,0.11922454833984375,0.28675232533843165,80,0.006311842659178705
314,0.05555403232574463,0.08211517333984375,0.06952667236328125,0.113195073701716,40,0.0008655416824140632
315,0.05251502990722656,0.0867462158203125,0.05294036865234375,0.10543068922628085,37,0.0019994244763651184
316,0.16330289840698242,0.2404022216796875,0.22081756591796875,0.3275087064063804,224,0.005841474276146463
317,0.2951700687408447,0.661041259765625,0.35572052001953125,0.7451750952958394,868,0.0007255018040802572
318,0.057077884674072266,0.07965850830078125,0.066375732421875,0.1156452125351976,34,0.0006930405628704713
319,0.12248396873474121,0.15114593505859375,0.12403106689453125,0.19708811535586612,86,0.00027215285779495346
320,0.07437992095947266,0.1304779052734375,0.089263916015625,0.14742320109679796,37,0.0034370175276569235
321,0.2558419704437256,0.23302459716796875,0.21529388427734375,0.3732701269785572,194,0.015055648746966969
322,0.11666500568389893,0.08670806884765625,0.11292266845703125,0.14678648912907177,50,0.0052322388762176715
323,0.046893954277038574,0.07741546630859375,0.05652618408203125,0.10164319095607288,25,0.0006005093004472724
324,0.02199697494506836,0.0706939697265625,0.0433197021484375,0.07649463336394957,20,0.0007075649003850506
325,0.061508893966674805,0.08417510986328125,0.063446044921875,0.11472990008256989,34,0.003332847889980718
326,0.04124879837036133,0.063140869140625,0.067352294921875,0.08936522084207721,20,3.962523516597438e-05
327,0.06733298301696777,0.08695220947265625,0.082366943359375,0.129804096676712,38,0.003970346331723138
328,0.138158917427063,0.20025634765625,0.10709381103515625,0.26517131206023936,106,0.0017463083894525555
329,0.051617980003356934,0.09394073486328125,0.105255126953125,0.13682236193280417,46,0.0006624984713432111
330,0.04137599468231201,0.0743865966796875,0.05362701416015625,0.08693485570579274,25,0.00018246030555792733
331,0.2781280279159546,0.6718902587890625,0.19594573974609375,0.6864078378206089,523,0.0074640630446508585
332,0.09664583206176758,0.172149658203125,0.12781524658203125,0.23871107731495478,81,0.0028767511629879394
333,0.3129560947418213,0.23546600341796875,0.32823944091796875,0.4911301703076638,335,0.009684832275342435
334,0.03774392604827881,0.03847503662109375,0.06583404541015625,0.08021859915391594,17,7.356065356591927e-05
335,0.11646699905395508,0.31299591064453125,0.1450958251953125,0.35318030817576407,153,0.00807151237017505
336,0.11827683448791504,0.116546630859375,0.14154815673828125,0.18596011866083734,63,0.00422103904869223
337,0.24930381774902344,0.406707763671875,0.28730010986328125,0.5358308832045697,393,0.05112712248116158
338,0.06998491287231445,0.126678466796875,0.10912322998046875,0.1750237346449242,81,0.0007755827071842227
339,0.3016960620880127,0.3186492919921875,0.16701507568359375,0.3931831651946167,296,0.0033602389514733755
340,0.05096578598022461,0.07879638671875,0.0540924072265625,0.10442176534648129,31,0.000963031969927961
341,0.06574010848999023,0.1291961669921875,0.17581939697265625,0.21773937454238773,82,0.001402797542799569
342,0.05572390556335449,0.06584930419921875,0.0746612548828125,0.09816551380411331,28,0.00043001267120456395
343,0.16871893405914307,0.1504058837890625,0.1479949951171875,0.21251666886797027,84,0.0023194052850534653
344,0.033886075019836426,0.05560302734375,0.06288909912109375,0.08307883301660235,23,0.00038528657788622817
345,0.09375596046447754,0.0831298828125,0.09014892578125,0.1493322023832262,42,0.00047075266148547876
346,0.03527092933654785,0.0520172119140625,0.0761871337890625,0.09631364739886594,27,0.00017598829651488466
347,0.14123797416687012,0.20574188232421875,0.13105010986328125,0.24899405114882267,74,0.008823321475008935
348,0.5842430591583252,0.9079208374023438,0.7686233520507812,1.1785772948052315,1954,0.059002580632143295
349,0.05202889442443848,0.0401763916015625,0.0599822998046875,0.07821058066731379,20,0.0002698543848359091
350,0.5871110558509827,0.64788818359375,0.38550567626953125,0.9291925055140933,1147,0.05752368234341579
351,0.03612697124481201,0.055206298828125,0.05129241943359375,0.08202377123677725,25,0.0002651478381910043
352,0.10647082328796387,0.11533355712890625,0.1908721923828125,0.2371331634052384,92,0.0005688594097532786
353,0.05139303207397461,0.109893798828125,0.055206298828125,0.12659900715523076,40,0.00018588060899244266
354,0.05640292167663574,0.05548858642578125,0.08758544921875,0.11123432760003571,37,0.0002819880000642786
355,0.08327603340148926,0.21846771240234375,0.12505340576171875,0.24045699313745095,73,0.0006426143802184611
356,0.08278512954711914,0.08693695068359375,0.05413818359375,0.10270109560665253,33,0.00022626669856016005
357,0.16493403911590576,0.178924560546875,0.07738494873046875,0.24401384875369714,86,0.00033217433082415976
358,0.11755800247192383,0.0758056640625,0.11191558837890625,0.1421157269665394,45,0.000559099852602014
359,0.42850279808044434,0.9854965209960938,0.6527328491210938,1.2378584830215005,1582,0.05372871081787603
360,0.03158700466156006,0.06549835205078125,0.038116455078125,0.08465915741227992,20,0.00038149715032912367
361,0.026844024658203125,0.06873321533203125,0.05461883544921875,0.07779772204445434,25,0.00020062149743779685
362,0.03112506866455078,0.09249114990234375,0.0689544677734375,0.1135682625790686,27,0.00018750338478670957
363,0.0657339096069336,0.08538055419921875,0.065093994140625,0.1204459154020423,31,0.000864559520503232
364,0.05721688270568848,0.13614654541015625,0.079071044921875,0.16353019079775422,47,0.0013726416065851026
365,0.06099998950958252,0.17565155029296875,0.12259674072265625,0.23034957070294038,88,0.0009680597519252577
366,0.18092501163482666,0.1182861328125,0.10614776611328125,0.19417147020385372,85,0.002287332783140174
367,2.2461910247802734,5.2275238037109375,0.8787841796875,5.458245253379951,20875,0.18419623246866204
368,0.0967940092086792,0.1328125,0.064208984375,0.16166800457242303,63,0.00033928355907385406
369,0.39387303590774536,0.7162246704101562,0.4168701171875,0.7840570807705811,1395,0.05803656930085908
370,0.36315107345581055,0.6320343017578125,0.5368804931640625,0.9205446707995828,918,0.005731566250485643
371,0.039163947105407715,0.0745849609375,0.0539093017578125,0.09257901099774868,32,0.00012333993006771006
372,0.03849303722381592,0.1005706787109375,0.05875396728515625,0.12476145122124305,44,0.0001021041320418032
373,0.08460092544555664,0.10498809814453125,0.0919036865234375,0.15286921791254926,56,0.00046453056276012165
374,0.04851806163787842,0.1114501953125,0.1151275634765625,0.15230092430730208,71,0.0004939609117800676
375,0.061808109283447266,0.05489349365234375,0.11623382568359375,0.12071022386015387,31,0.00013190331503148153
376,0.050560951232910156,0.03578948974609375,0.07875823974609375,0.09582010972091701,21,0.0008256695126317421
377,0.10583996772766113,0.16268157958984375,0.1267242431640625,0.183748250834058,91,0.00041425618999189814
378,0.06922197341918945,0.14568328857421875,0.0885009765625,0.14936907794488663,85,0.0001146692905201312
379,0.0874360203742981,0.1278076171875,0.0452728271484375,0.14999099824567264,36,0.000593588143722306
380,0.08288991451263428,0.119903564453125,0.090057373046875,0.15820945221443772,42,0.0005728754333689896
381,0.042858123779296875,0.0602264404296875,0.0491790771484375,0.07190554743619959,21,0.00012141061887228983
382,0.10893702507019043,0.15648651123046875,0.07924652099609375,0.20479141104729792,93,0.001266182189684206
383,0.1345139741897583,0.1595916748046875,0.112762451171875,0.23245982983871727,123,0.0008498112499751877
384,0.08657598495483398,0.18518829345703125,0.0836181640625,0.21553379067069528,81,0.00013809289120495378
385,0.04787099361419678,0.092071533203125,0.0385589599609375,0.10134152845036892,20,0.00014832028523832657
386,0.07619500160217285,0.08766937255859375,0.0470428466796875,0.1072801501492906,35,0.0001326609538662637
387,0.09048497676849365,0.1117706298828125,0.07527923583984375,0.16140574827165777,57,0.0007506520595121584
388,0.08923506736755371,0.17151641845703125,0.10883331298828125,0.21960047845774655,71,0.0011013945368224518
389,0.04965996742248535,0.0555267333984375,0.047515869140625,0.07318915092546129,20,0.0002468448237053792
390,0.08613014221191406,0.1050567626953125,0.12046051025390625,0.14949718237818188,50,0.0025455597211862927
391,0.16796302795410156,0.20952606201171875,0.15761566162109375,0.3177637942623249,171,0.0015146633049623191
392,0.11196398735046387,0.24973297119140625,0.115692138671875,0.266268854074089,152,0.0010760091103232865
393,0.15149307250976562,0.3638916015625,0.29076385498046875,0.4692243985554745,281,0.0029566615746189915
394,0.05498397350311279,0.0575103759765625,0.0714263916015625,0.10554733752159545,33,0.0001615135464519378
395,0.16280299425125122,0.17894744873046875,0.14760589599609375,0.3026775783756684,159,0.002084635043092556
396,0.14440417289733887,0.22171783447265625,0.2371826171875,0.3806115930374498,230,0.04065892762918175
397,0.33259499073028564,0.28415679931640625,0.2542724609375,0.4210550502413284,353,0.012486861056934601
398,0.0686788558959961,0.10491943359375,0.05410003662109375,0.12746031317945317,30,0.0007282135195493636
399,0.11618006229400635,0.18421173095703125,0.1444244384765625,0.19836340720144685,159,0.0007710076852040082
400,0.14973604679107666,0.2227020263671875,0.33278656005859375,0.37167052151363156,430,0.005967945178922366
401,0.06781291961669922,0.073028564453125,0.059295654296875,0.10520276727445133,26,0.0002741954090387099
402,0.10146796703338623,0.1443023681640625,0.051605224609375,0.16271244745995972,48,0.0008575129698980337
403,0.061746954917907715,0.05985260009765625,0.0504913330078125,0.08362284397096253,21,0.0008404696955689338
404,0.05474591255187988,0.06902313232421875,0.06385040283203125,0.09932335156924219,29,0.0005231165745836656
405,0.17972993850708008,0.27471160888671875,0.21161651611328125,0.34583121069354195,235,0.020304658528126657
406,0.08027410507202148,0.1106109619140625,0.04911041259765625,0.13536481049260196,35,0.0009728838092161711
407,0.06656503677368164,0.0574493408203125,0.03504180908203125,0.07985611031998952,20,1.6086965977135393e-05
408,0.2759210169315338,0.4159088134765625,0.2519073486328125,0.4615996901954038,655,0.0032143479163436557
409,0.0803079605102539,0.1913299560546875,0.2108154296875,0.29988622309693047,189,0.0016341013684167496
410,0.14232397079467773,0.364044189453125,0.14125823974609375,0.39139457348681717,222,0.010203390328603231
411,0.0919390027411282,0.0414276123046875,0.10056304931640625,0.1470996537923104,52,0.0026215446997133883
412,0.05986297130584717,0.07901763916015625,0.04024505615234375,0.0959288354334813,23,0.0001378149949225919
413,0.08135199546813965,0.20931243896484375,0.1315765380859375,0.23707479335984782,82,0.002139786661343116
414,0.23372209072113037,0.1800384521484375,0.2690887451171875,0.32752824298352046,309,0.004395971114192105
415,0.10180699825286865,0.097015380859375,0.16342926025390625,0.19311037872998327,99,0.0012410637052539702
416,0.14032095670700073,0.1898956298828125,0.30408477783203125,0.3615458353465374,341,0.0009872612146233659
417,0.06472897529602051,0.1462249755859375,0.12245941162109375,0.17985982764430197,87,0.00044917141496836723
418,0.0832359790802002,0.0511627197265625,0.115966796875,0.13784708271905283,37,0.002205429268389641
419,0.9664139449596405,1.0263519287109375,0.9041900634765625,1.6211678228490358,6193,0.02738789051144362
420,0.06530094146728516,0.10611724853515625,0.05858612060546875,0.13543322130679858,32,0.00019227897296878786
421,0.110617995262146,0.47968292236328125,0.2969970703125,0.5799495257507274,376,0.004484314755019253
422,0.15719399601221085,0.28284454345703125,0.19202423095703125,0.34995815740824776,207,0.0005975218371689658
423,0.0885460376739502,0.09967803955078125,0.0842742919921875,0.12047214715296306,55,0.0007141430082760101
424,0.10806393623352051,0.2418670654296875,0.08119964599609375,0.24754642787414483,120,0.006234126752292942
425,0.06490397453308105,0.06280517578125,0.03487396240234375,0.08830139659674963,18,0.00020166924533062135
426,0.6333230063319206,0.7024307250976562,0.61566162109375,1.0720301042246554,3515,0.1008798333314152
427,0.07388889789581299,0.11053466796875,0.09410858154296875,0.14862616015894758,73,0.0008406586896029602
428,0.07756900787353516,0.13430023193359375,0.06792449951171875,0.16747646444856645,71,0.0003415242824608545
429,0.06037899851799011,0.11297607421875,0.0703277587890625,0.1443698958402213,53,0.0007748552764022553
430,0.10910800099372864,0.1492767333984375,0.111175537109375,0.20405708761602037,69,0.0002097633797866119
431,0.07870203256607056,0.13050079345703125,0.0740509033203125,0.1480142465432408,48,0.0002686323362984679
432,0.03446400165557861,0.069732666015625,0.046722412109375,0.07992171191966602,24,0.0006345769405151772
433,0.06639295816421509,0.08568572998046875,0.043426513671875,0.11647859178848441,29,0.00012678490546194385
434,0.03913700580596924,0.0428924560546875,0.0643463134765625,0.07864661077707291,21,0.0004386042047061679
435,0.2110600471496582,0.430084228515625,0.30635833740234375,0.5325340094411999,365,0.019605856751398903
436,0.1878570094704628,0.2453155517578125,0.14756011962890625,0.31943613352586187,238,0.001997496402621569
437,0.04555201530456543,0.055877685546875,0.0293121337890625,0.0733071291395535,21,3.214220564350893e-05
438,0.07311904430389404,0.0461578369140625,0.048736572265625,0.09222763172768267,25,0.00011166823077512419
439,0.039485931396484375,0.16497802734375,0.21451568603515625,0.2521411058919789,77,0.0024668857350696395
440,0.9773659929633141,1.762359619140625,0.53228759765625,2.0776029136887795,6322,0.015045306292026626
441,0.06810200214385986,0.08719635009765625,0.04306793212890625,0.11238207554538426,31,0.00015723302744291578
442,0.17769698798656464,0.33882904052734375,0.197906494140625,0.4264896249355172,456,0.0005391656142934864
443,0.18822000920772552,0.17923736572265625,0.19931793212890625,0.3388139545794929,243,0.0031272139349640227
444,1.0104149878025055,1.0131759643554688,0.7731399536132812,1.580421542130777,6503,0.04227647383479337
445,0.21576696634292603,0.503204345703125,0.25641632080078125,0.5237515594971529,720,0.013247463275260735
446,0.16884207725524902,0.16732025146484375,0.16656494140625,0.2587222030039058,113,0.001515410635795595
447,0.057579994201660156,0.08642578125,0.0418548583984375,0.10032477663219108,30,4.77453293800123e-06
448,0.18955695629119873,0.18202972412109375,0.191986083984375,0.2981570401179412,155,0.0028541175096404216
449,0.053900957107543945,0.07263946533203125,0.04779052734375,0.0956013845307756,28,0.0008776796382407573
450,0.06455999612808228,0.081024169921875,0.05643463134765625,0.09745707564086259,43,0.00030396544414051577
451,0.5075219869613647,0.8895797729492188,0.43560791015625,1.035677785771414,954,0.10627620296409132
452,0.05924504995346069,0.0377349853515625,0.06613922119140625,0.08596321401029139,18,0.0007209042185505448
453,0.06799899786710739,0.0899810791015625,0.06395721435546875,0.12471176774509019,52,0.0005156036746929086
454,0.18281500227749348,0.30860137939453125,0.12056732177734375,0.32069879283442926,349,0.0031992190341143243
455,0.1319960355758667,0.19292449951171875,0.12581634521484375,0.25975535586482046,138,9.767649841481007e-05
456,0.06735600531101227,0.09835052490234375,0.04959869384765625,0.10940284286801205,29,4.5909472784435506e-05
457,1.0897440612316132,1.0309982299804688,0.7689208984375,1.824146216103347,6640,0.10359490773507427
458,0.04333209991455078,0.07305145263671875,0.062896728515625,0.09325715513433508,28,0.0005661951699335814
459,0.17082099989056587,0.3491668701171875,0.36664581298828125,0.4948141109430841,383,0.004640386037323681
460,0.07992911338806152,0.11475372314453125,0.086761474609375,0.17312965816466974,64,0.0018684234466611346
461,0.05349600315093994,0.0543670654296875,0.06499481201171875,0.08045182313820343,23,0.0001843036863376494
462,0.8657789826393127,1.4600448608398438,0.5973663330078125,1.7202689860341336,4987,0.09484117221103715
463,0.07492399215698242,0.13379669189453125,0.0951080322265625,0.17594241218945728,104,0.000334066760425741
464,0.03767800331115723,0.0538482666015625,0.05588531494140625,0.07840893228118961,18,0.00043436159538784235
465,0.041088104248046875,0.06832122802734375,0.0659942626953125,0.0880182367304494,32,2.3535721986277137e-05
466,0.07163998484611511,0.1550140380859375,0.0990753173828125,0.20938700563947782,108,6.511425621105124e-05
467,0.13276000320911407,0.14952850341796875,0.14514923095703125,0.23356324285354635,179,0.00019345505184986206
468,0.057484984397888184,0.1865997314453125,0.09149169921875,0.20893481115867196,80,0.002406779411842926
469,0.09363198280334473,0.13343048095703125,0.116851806640625,0.1735750055244516,84,0.004557446205782893
470,0.04587197303771973,0.077972412109375,0.048065185546875,0.08939301898698382,22,0.0002007875942964684
471,0.13188707828521729,0.09349822998046875,0.14630126953125,0.17885117115628546,64,0.0003651002202070756
472,1.0409250259399414,0.9577560424804688,0.600128173828125,1.4127323284036324,3197,0.15936136607849757
473,0.11371207237243652,0.1568603515625,0.1419525146484375,0.19369608116307813,133,0.00501069163324523
474,0.07896101474761963,0.11568450927734375,0.06566619873046875,0.14473442114585922,40,5.1641040442058816e-05
475,0.19546103477478027,0.2386016845703125,0.17047119140625,0.2941982967673864,170,0.01558235205305106
476,0.8632239773869514,1.6002273559570312,0.6167831420898438,1.7536555207959101,5459,0.0531183683899381
477,0.09094299376010895,0.1178436279296875,0.1233673095703125,0.19387918835360698,144,3.212617228462978e-05
478,0.028232991695404053,0.0506134033203125,0.03966522216796875,0.06457646097037928,21,0.00010367757258669833
479,0.08994495868682861,0.07906341552734375,0.07381439208984375,0.13335246193351258,36,2.7932866767145596e-05
480,0.05156302452087402,0.05063629150390625,0.04097747802734375,0.07231128212123372,22,0.00026328749236814416
481,0.07632899284362793,0.1043243408203125,0.12163543701171875,0.18535624791297778,58,0.0014986314321267678
482,0.06512701511383057,0.04935455322265625,0.08592987060546875,0.11716178694196888,36,0.00019224909321530545
483,0.43220001459121704,0.5142898559570312,0.21936798095703125,0.7331890447256885,832,0.014834041756002591
484,0.07460200786590576,0.10294342041015625,0.05268096923828125,0.13830264836516637,50,0.0008388447888185945
485,0.13562601804733276,0.2217254638671875,0.06572723388671875,0.2747018993116537,161,0.0002938444898601711
486,0.10033299773931503,0.1160888671875,0.0583648681640625,0.14779367379596375,57,0.001227235652422417
487,0.07883799076080322,0.081146240234375,0.02793121337890625,0.10997741230442415,26,0.0007787841376069261
488,0.0585779994726181,0.0754547119140625,0.05959320068359375,0.0975890995396167,26,0.00026425666682894
489,0.16598498821258545,0.19319915771484375,0.10907745361328125,0.23498720359303782,133,0.002906728919925587
490,0.058729976415634155,0.081573486328125,0.0684356689453125,0.11734429754593112,41,0.0005213580154217563
491,0.11269897222518921,0.1016845703125,0.11737823486328125,0.16310360307950722,75,0.0030286011864310036
492,0.046418000012636185,0.08807373046875,0.02806854248046875,0.0995863344555099,30,8.890342172344738e-05
493,0.5802730321884155,1.1175003051757812,0.45633697509765625,1.301329618133218,2434,0.03532207611654117
494,0.05760395526885986,0.0418548583984375,0.05033111572265625,0.06596447352934565,28,0.0010153917665524656
495,0.10198700428009033,0.09661102294921875,0.04470062255859375,0.14106777874893722,41,0.0006926406674730818
496,0.17976397275924683,0.14849090576171875,0.1775054931640625,0.2805030156271052,261,0.0023067567410379177
497,0.8983579874038696,1.9391860961914062,0.7021026611328125,2.09092691741562,14657,0.18045896933634198
498,0.5519479513168335,0.5779342651367188,0.37201690673828125,0.8784903427796475,2681,0.05679544486445698
499,0.08017200231552124,0.1112823486328125,0.05498504638671875,0.12100043764911472,43,0.000372928890568878
500,0.05184805393218994,0.06031036376953125,0.04155731201171875,0.08729833336133908,24,0.00038530803973223953
501,0.15902499668300152,0.19439697265625,0.16469573974609375,0.2990952906574371,186,0.0097084651022293
502,0.08513101935386658,0.05240631103515625,0.078582763671875,0.11473477220488748,35,7.56428641438897e-05
503,0.11835899949073792,0.098602294921875,0.17043304443359375,0.1756289566686382,134,0.0003912083523681066
504,0.05794805288314819,0.023895263671875,0.064422607421875,0.08797812620103151,32,0.0012141946720157734
505,0.11268401145935059,0.14398193359375,0.16147613525390625,0.22962761131600162,186,0.0013950202160711055
506,0.7656810283660889,0.520263671875,0.4350433349609375,0.9621313695440307,1896,0.01695013590204382
507,0.08526194095611572,0.0397186279296875,0.0701446533203125,0.0991082197844797,34,0.002100994049104644
508,0.0610320009291172,0.0477752685546875,0.05950927734375,0.09220833227404412,29,5.7690375898385625e-05
509,0.10331106185913086,0.13381195068359375,0.0695953369140625,0.15512285166452255,108,0.0003263400012342574
511,0.06697200238704681,0.06127166748046875,0.05252838134765625,0.1111715607971222,32,0.00011627969363090703
512,0.30097007751464844,0.653045654296875,0.28493499755859375,0.7335007665744779,1615,0.04912013864747085
513,0.27615606784820557,0.23586273193359375,0.2120513916015625,0.4074249611433942,385,0.0003444947592493966
514,0.23555207252502441,0.4371795654296875,0.31215667724609375,0.4798721997086147,1367,0.01190481001780639
515,0.38991498947143555,0.5842742919921875,0.2535247802734375,0.6979298793067124,1019,0.017717650464956186
516,0.12046694755554199,0.07755279541015625,0.0997161865234375,0.18030226328831755,52,0.00018592715211242843
517,0.03098195791244507,0.06339263916015625,0.0431671142578125,0.07973774632226971,31,8.548826741667873e-05
518,0.057337045669555664,0.020172119140625,0.037811279296875,0.06417786566266637,23,0.00024982248425420154
519,0.22957301139831543,0.26947784423828125,0.2400360107421875,0.37324577105560053,312,0.0071881641021140615
520,0.24317610263824463,0.108306884765625,0.10991668701171875,0.2611196367575128,140,0.023873911282265226
521,0.14725100994110107,0.103424072265625,0.15612030029296875,0.19439216931477565,67,0.0015355613506287183
522,0.2746100425720215,0.3352813720703125,0.22966766357421875,0.4678497605472436,489,0.002533622394336699
523,0.8550368547439575,0.8946990966796875,0.283477783203125,1.1227786640172852,2310,0.13657927287805408
524,0.21550703048706055,0.26920318603515625,0.14502716064453125,0.4015729200758509,329,0.005060784933397104
525,0.061720967292785645,0.10828399658203125,0.07642364501953125,0.13969411765410378,75,1.5038945579623703e-05
526,0.13726186752319336,0.2273712158203125,0.1040802001953125,0.2601806189061462,222,0.004341517686152231
527,0.05914294719696045,0.07602691650390625,0.01036834716796875,0.10295208678046901,21,0.00024918919672351967
528,0.28486597537994385,0.4041595458984375,0.1641082763671875,0.5316793030585302,1077,0.017477774804589445
529,0.13558804988861084,0.16303253173828125,0.046417236328125,0.21167941314730937,115,0.0005534117463721882
530,1.003385066986084,1.6368408203125,0.393951416015625,1.6822115206795618,6104,0.42576526758385935
531,0.19924497604370117,0.16728973388671875,0.1753387451171875,0.27456741127294304,233,0.0002662998173944823
532,0.09890389442443848,0.15247344970703125,0.14302825927734375,0.19743059068351787,164,0.0009030755405297553
533,0.1321430206298828,0.097991943359375,0.04543304443359375,0.17379776451438955,46,0.00036764735018018674
534,0.29695796966552734,0.26218414306640625,0.09932708740234375,0.3897326091299176,340,0.0009692666249164793
535,0.14235401153564453,0.2358856201171875,0.067108154296875,0.2781995597300577,202,0.0007691031840081584
536,0.051985979080200195,0.07866668701171875,0.06386566162109375,0.10506969145365108,37,0.0003347370690708238
537,0.06565403938293457,0.06746673583984375,0.05982208251953125,0.09116526111037437,48,0.0005521516495790167
538,0.1305609941482544,0.15969085693359375,0.0603179931640625,0.2199537570441351,126,0.001032806796522911
539,0.059256911277770996,0.0501556396484375,0.06269073486328125,0.08558745669979939,28,0.001953691034528937
540,0.051644086837768555,0.0759429931640625,0.03729248046875,0.08808872750468844,34,0.00025895949306609307
541,0.0877460241317749,0.09613800048828125,0.05072021484375,0.13611414869370808,49,0.00017554885642578292
542,0.0411229133605957,0.0223236083984375,0.04045867919921875,0.061100230668536426,23,6.174520511235108e-05
543,0.17052507400512695,0.14530181884765625,0.04210662841796875,0.20064270000582551,70,0.0007478636628693554
544,0.11015403270721436,0.117218017578125,0.0397796630859375,0.1656275444777231,72,0.00030485477734945013
545,0.07418298721313477,0.05974578857421875,0.0460357666015625,0.09062064182045759,26,0.00010042000598427188
546,0.12081003189086914,0.3153839111328125,0.06024169921875,0.32862138684892184,184,0.0007859299015759475
547,0.1414710283279419,0.17122650146484375,0.0518646240234375,0.22953859659899134,103,0.001977629962276759
548,0.11584699153900146,0.13299560546875,0.0336151123046875,0.17763071534828168,65,0.0008429758050172682
549,0.14151692390441895,0.21685028076171875,0.02280426025390625,0.21872194333635941,102,0.0012939292359763206
550,0.08690595626831055,0.07033538818359375,0.06179046630859375,0.10900268114914757,58,6.32482656014666e-05
551,0.35489797592163086,0.6822052001953125,0.09642791748046875,0.7596513044401743,677,0.009960520992523961
552,0.11826300621032715,0.14471435546875,0.07794189453125,0.1897312498762771,102,0.004061992868859486
553,0.8610689640045166,0.8445816040039062,0.07558441162109375,1.153809367578189,1651,0.010035109072122525
554,0.10322904586791992,0.0959930419921875,0.05622100830078125,0.14795159809376912,93,0.0007843591835586509
555,0.11873579025268555,0.0885162353515625,0.1205902099609375,0.16554811686894455,164,0.0016337363736442737
556,0.11621999740600586,0.1732940673828125,0.052398681640625,0.19923846266093914,101,0.0016428553841853892
557,0.08968782424926758,0.0832366943359375,0.0526275634765625,0.12858268581170407,57,0.00040357025558181386
558,0.042784929275512695,0.05187225341796875,0.03821563720703125,0.07495707966378112,32,5.000194786883684e-06
559,0.05689597129821777,0.036865234375,0.02484893798828125,0.0632775163313326,26,0.0002323556521478096
560,0.12048602104187012,0.10935211181640625,0.062164306640625,0.1835218004533834,119,0.0005115953064558543
561,0.04024195671081543,0.042510986328125,0.02454376220703125,0.06030962351829583,22,0.0001027176324756643
562,0.08266806602478027,0.0764923095703125,0.038543701171875,0.1104354897393568,54,0.00030031926158016016
563,0.08446693420410156,0.04505157470703125,0.0195770263671875,0.09974127287799206,30,0.0011713070150158212
564,0.06151103973388672,0.04740142822265625,0.03655242919921875,0.07983993894265495,47,0.00044990767247526074
565,0.18616628646850586,0.197967529296875,0.0655364990234375,0.24608423094795118,240,0.0009342766738231384
566,0.15500402450561523,0.2072906494140625,0.0619049072265625,0.27300069421800366,147,0.00039551723855281917
567,0.05800199508666992,0.045806884765625,0.0114288330078125,0.07435713711936387,24,4.845859844163761e-05
